,City,Cloudiness,Country,Date,Humidity,Lat,Lng,Max Temp,Wind Speed
0,nyurba,11,RU,1604279755,90,63.28,118.33,1.98,9.89
1,majene,100,ID,1604279755,70,-3.54,118.97,83.84,7.38
2,new norfolk,12,LR,1604279628,97,6.65,-10.59,74.08,2.59
3,saint-joseph,90,RE,1604279755,56,-21.37,55.62,69.8,5.82
4,hermanus,80,ZA,1604279592,81,-34.42,19.23,64.0,10.0
5,arraial do cabo,0,BR,1604279756,67,-22.84,-46.65,60.8,16.11
6,rikitea,93,PF,1604279756,85,-23.12,-134.97,74.16,23.53
7,bredasdorp,100,ZA,1604279606,82,-34.53,20.04,64.4,10.29
8,gawler,46,AU,1604279589,28,-34.6,138.73,84.0,7.0
9,mataura,83,NZ,1604279521,67,-46.19,168.86,55.0,13.0
10,anadyr,75,RU,1604279757,85,64.75,177.48,15.8,4.47
11,ushuaia,75,AR,1604279480,51,-54.8,-68.3,59.0,12.75
12,hilo,1,US,1604279758,55,19.73,-155.09,86.0,10.29
13,cayenne,98,GF,1604279758,100,4.93,-52.33,78.8,2.24
14,sola,75,VU,1604279758,89,-13.88,167.55,87.8,8.05
15,wuwei,0,CN,1604279759,57,37.93,102.64,41.4,0.69
16,kruisfontein,30,ZA,1604279759,82,-34.0,24.73,64.0,1.01
17,barrow,75,US,1604279578,68,71.29,-156.79,28.4,18.34
18,atuona,85,PF,1604279603,77,-9.8,-139.03,77.68,13.87
19,borba,100,BR,1604279760,96,-4.39,-59.59,75.15,2.68
20,juneau,90,US,1604279686,94,58.3,-134.42,32.0,8.05
21,cherskiy,100,RU,1604279761,93,68.75,161.3,2.64,5.7
22,kahului,40,US,1604279761,55,20.89,-156.47,87.8,11.41
23,grand river south east,1,US,1604279761,21,38.88,-109.5,62.6,5.82
24,gat,100,IL,1604279701,94,31.61,34.76,72.0,2.33
25,hobart,0,AU,1604279661,56,-42.88,147.33,73.99,9.17
26,torbay,20,CA,1604279615,74,47.67,-52.73,37.0,14.99
27,vanavara,100,RU,1604279762,96,60.34,102.28,18.39,10.07
28,mahajanga,20,MG,1604279763,73,-15.72,46.32,75.2,5.82
29,deyang,22,CN,1604279763,69,31.13,104.38,64.99,1.41
30,coquimbo,90,CL,1604279763,87,-29.95,-71.34,55.4,4.7
31,whitianga,100,NZ,1604279764,55,-36.83,175.7,70.21,9.31
32,punta arenas,98,PH,1604279764,63,8.99,125.34,85.28,0.45
33,hithadhoo,100,MV,1604279765,73,-0.6,73.08,83.46,7.96
34,castro,16,BR,1604279496,95,-24.79,-50.01,49.87,7.4
35,kango,100,GA,1604279765,96,0.19,10.1,73.44,0.65
36,pevek,100,RU,1604279766,94,69.7,170.31,14.47,8.79
37,santa cruz,100,PH,1604279766,71,17.49,120.43,84.52,3.02
38,camacha,20,PT,1604279766,88,33.08,-16.33,66.2,3.24
39,caravelas,100,BR,1604279653,84,-17.71,-39.25,71.78,10.54
40,hambantota,90,LK,1604279767,100,6.12,81.12,78.8,1.12
41,imbituba,20,BR,1604279720,82,-28.24,-48.67,64.4,6.93
42,bluff,53,NZ,1604279767,70,-46.6,168.33,55.0,13.0
43,butaritari,76,KI,1604279767,76,3.07,172.79,82.2,9.57
44,bambous virieux,20,MU,1604279768,100,-20.26,57.41,66.99,4.7
45,izumo,75,JP,1604279768,100,35.37,132.77,59.0,8.05
46,faanui,0,PF,1604279768,79,-16.48,-151.75,80.42,20.67
47,suhbaatar,0,MN,1604279769,80,50.23,106.21,18.19,1.92
48,kaitangata,95,NZ,1604279769,68,-46.28,169.85,55.0,11.01
49,puerto ayora,0,ES,1604279769,93,36.59,-6.23,57.2,2.24
50,saskylakh,90,RU,1604279769,88,71.92,114.08,-9.2,10.69
51,cape town,0,CL,1604279770,77,-36.41,-71.9,59.0,5.82
52,praia da vitoria,20,CV,1604279623,78,14.92,-23.51,77.0,6.93
53,margate,100,GB,1604279770,86,51.38,1.39,63.0,11.01
54,lompoc,1,US,1604279771,56,34.64,-120.46,73.4,9.17
55,taksimo,0,RU,1604279771,80,56.34,114.88,6.33,2.13
56,kavieng,7,PG,1604279771,63,-2.57,150.8,87.03,3.44
57,touros,40,BR,1604279771,78,-5.2,-35.46,80.6,10.29
58,lorengau,22,PG,1604279627,64,-2.02,147.27,87.31,5.28
59,vieques,20,PR,1604279772,78,18.43,-65.83,80.6,8.05
60,buribay,100,RU,1604279772,85,51.96,58.16,37.65,11.79
61,aksu,0,CN,1604279773,74,41.12,80.26,34.97,0.83
62,batalha,83,BR,1604279773,76,-9.68,-37.12,77.32,9.13
63,carnarvon,75,AU,1604279773,56,-24.87,113.63,71.6,16.11
64,nanortalik,0,GL,1604279653,88,60.14,-45.24,31.73,41.45
65,monteagudo,2,BO,1604279774,47,-19.82,-63.98,61.16,3.11
66,kaya,0,BF,1604279774,21,13.09,-1.08,78.94,6.91
67,olinda,75,BR,1604279631,78,-8.01,-34.86,80.6,8.05
68,gaoua,26,BF,1604279775,48,10.3,-3.25,76.44,4.03
69,qaanaaq,0,GL,1604279583,74,77.48,-69.36,2.79,6.44
70,datong,0,CN,1604279775,65,40.09,113.29,34.66,12.86
71,nikolskoye,90,RU,1604279775,100,59.7,30.79,35.6,4.47
72,mayumba,100,GA,1604279730,90,-3.43,10.66,76.78,3.09
73,busselton,100,AU,1604279776,87,-33.65,115.33,61.0,5.91
74,vaini,75,TO,1604279776,83,-21.2,-175.2,78.8,10.29
75,pili,100,PH,1604279776,83,13.58,123.3,81.05,5.77
76,tiksi,0,RU,1604279777,90,71.69,128.87,-4.95,7.02
77,tuktoyaktuk,90,CA,1604279777,92,69.45,-133.04,12.2,10.29
78,mongoumba,100,CF,1604279778,91,3.64,18.59,70.95,1.45
79,kodiak,20,US,1604279519,33,57.79,-152.41,30.2,13.87
80,pierre,1,US,1604279778,39,44.37,-100.35,46.0,10.29
81,port alfred,98,CD,1604279512,63,-7.03,29.76,73.76,1.41
82,albany,95,US,1604279779,96,42.6,-73.97,41.0,9.4
83,ouahigouya,0,BF,1604279779,16,13.58,-2.42,80.65,9.26
84,turayf,40,SA,1604279780,87,31.67,38.66,60.8,9.17
85,tambopata,21,PE,1604279780,50,-12.73,-69.18,75.7,2.04
86,moranbah,0,AU,1604279780,35,-22.0,148.05,88.25,15.57
87,synya,100,RU,1604279780,97,65.37,58.04,25.48,6.11
88,nalut,0,LY,1604279781,71,30.33,10.85,58.37,9.35
89,upernavik,97,GL,1604279782,92,72.79,-56.15,16.54,3.24
90,auki,4,SB,1604279782,71,-8.77,160.7,86.23,1.99
91,segou,0,ML,1604279783,19,13.43,-6.22,77.05,4.7
92,mahebourg,20,MU,1604279783,100,-20.41,57.7,64.4,4.7
93,saint-philippe,90,RE,1604279783,56,-21.36,55.77,69.8,5.82
94,ratnagiri,10,IN,1604279784,73,16.98,73.3,76.5,4.43
95,gopalpur,99,IN,1604279784,79,19.27,84.92,76.93,7.49
96,chokurdakh,100,RU,1604279784,93,70.63,147.92,-0.53,11.34
97,east london,90,IS,1604279785,59,65.0,-15.0,37.4,10.29
98,dingle,47,PH,1604279785,80,11.0,122.67,82.78,11.88
99,khatanga,100,RU,1604279520,95,71.97,102.5,5.68,6.51
100,tuatapere,13,NZ,1604279604,67,-46.13,167.68,55.0,13.0
101,meulaboh,100,ID,1604279786,88,4.14,96.13,77.34,3.98
102,kolondieba,0,ML,1604279786,39,11.09,-6.89,75.34,2.73
103,tabas,0,IR,1604279787,24,33.6,56.92,55.4,2.24
104,richards bay,1,US,1604279787,68,46.84,-95.91,30.2,9.17
105,pokhara,0,NP,1604279763,39,28.23,83.98,66.06,4.88
106,guhagar,48,IN,1604279788,73,17.48,73.19,76.03,3.51
107,celestun,30,MX,1604279788,80,20.87,-90.4,76.08,16.78
108,teguldet,100,RU,1604279788,96,57.31,88.17,34.57,11.27
109,viedma,0,AR,1604279789,51,-40.81,-63.0,64.99,18.68
110,georgetown,40,MY,1604279789,94,5.41,100.34,78.8,3.36
111,katsuura,75,JP,1604279608,100,35.13,140.3,62.6,3.36
112,laurel,40,US,1604279760,57,39.1,-76.85,52.0,6.93
113,svetlyy,75,RU,1604279790,87,54.67,20.13,44.6,8.95
114,lodwar,78,KE,1604279791,49,3.12,35.6,81.77,14.85
115,avarua,84,CK,1604279791,83,-21.21,-159.78,78.8,18.34
116,airai,100,TL,1604279791,43,-8.93,125.41,76.75,4.47
117,acarau,13,BR,1604279791,83,-2.89,-40.12,78.98,11.74
118,caninde,0,BR,1604279792,73,-4.36,-39.31,77.85,3.02
119,nantucket,75,US,1604279792,91,41.28,-70.1,57.0,12.75
120,provideniya,0,RU,1604279793,63,64.38,-173.3,26.6,2.24
121,meligalas,0,GR,1604279793,93,37.22,21.97,62.01,2.06
122,samarai,42,PG,1604279793,75,-10.62,150.67,83.5,9.08
123,ponta do sol,98,PT,1604279794,80,38.73,-28.27,59.61,15.28
124,muisne,92,EC,1604279794,85,0.6,-80.03,75.51,8.66
125,yellowknife,90,CA,1604279706,85,62.46,-114.35,14.0,14.99
126,dukat,100,RU,1604279794,96,62.55,155.55,15.62,5.1
127,kavaratti,0,IN,1604279795,71,10.57,72.64,80.96,2.33
128,chuy,0,UY,1604279795,83,-33.7,-53.46,53.35,5.55
129,kapaa,75,US,1604279586,83,22.08,-159.32,79.0,16.11
130,mtambile,7,TZ,1604279795,80,-5.38,39.7,76.68,5.84
131,belmonte,75,BR,1604279796,88,-15.86,-38.88,68.0,6.93
132,port-gentil,99,GA,1604279796,87,-0.72,8.78,78.26,10.67
133,machico,75,PT,1604279797,88,32.7,-16.77,68.0,4.7
134,karaton,40,ID,1604279797,83,-6.34,106.1,81.0,11.41
135,andenes,100,NO,1604279797,76,69.31,16.12,48.2,20.8
136,talnakh,75,RU,1604279797,79,69.49,88.4,21.2,6.71
137,tasiilaq,0,GL,1604279798,74,65.61,-37.64,28.4,4.7
138,pacific grove,0,US,1604279747,59,38.48,-90.74,42.01,6.04
139,ancud,0,CL,1604279604,87,-41.87,-73.82,53.01,3.36
140,misratah,0,LY,1604279798,58,32.38,15.09,68.52,3.24
141,piacabucu,100,BR,1604279799,80,-10.41,-36.43,78.13,13.42
142,kozlovka,90,RU,1604279799,100,55.84,48.25,33.8,6.71
143,jamestown,90,US,1604279799,92,42.1,-79.24,35.01,14.99
144,churapcha,12,RU,1604279799,87,62.0,132.43,-12.03,2.35
145,petropavlovsk-kamchatskiy,0,RU,1604279800,56,53.05,158.65,41.0,4.47
146,victoria,100,HK,1604279596,65,22.29,114.16,78.01,10.16
147,lagoa,81,PT,1604279658,74,39.05,-27.98,62.44,15.88
148,grafton,90,US,1604279736,93,42.21,-71.69,48.0,10.29
149,bellevue,1,US,1604279608,71,47.61,-122.2,54.0,0.69
150,matara,91,LK,1604279801,83,5.95,80.54,77.41,5.59
151,puteyets,100,RU,1604279802,96,65.17,57.09,27.55,7.34
152,batouri,100,CM,1604279803,95,4.43,14.37,67.6,1.28
153,nishihara,20,JP,1604279804,69,26.18,127.76,78.8,8.05
154,port elizabeth,98,CD,1604279804,63,-7.03,29.76,73.76,1.41
155,cabo san lucas,75,BR,1604279804,78,-8.28,-35.03,80.6,8.05
156,nanyuki,37,KE,1604279805,84,0.02,37.07,55.0,4.97
157,loandjili,99,CG,1604279806,87,-4.76,11.86,77.31,4.74
158,taber,2,CA,1604279702,48,49.82,-112.15,55.4,11.41
159,estelle,3,US,1604279807,63,29.85,-90.11,69.01,3.0
160,luderitz,100,NA,1604279807,63,-26.65,15.16,62.46,8.12
161,ljungby,100,SE,1604279808,100,56.83,13.94,54.0,13.87
162,san patricio,0,ML,1604279702,17,13.3,-4.9,79.3,7.67
163,atar,100,MR,1604279808,18,20.52,-13.05,80.42,7.18
164,roebourne,86,AU,1604279808,54,-20.78,117.13,77.94,11.23
165,cidreira,3,BR,1604279809,66,-30.18,-50.21,61.99,6.73
166,gilbues,86,BR,1604279809,84,-9.83,-45.34,74.34,3.8
167,dikson,97,RU,1604279809,98,73.51,80.55,18.09,8.3
168,scarborough,100,GB,1604279810,87,54.28,-0.4,62.01,11.01
169,abu jubayhah,0,IN,1604279810,35,24.6,72.7,57.96,4.5
170,mar del plata,97,ES,1604279811,93,43.4,-4.01,66.0,4.85
171,lazarev,100,RU,1604279811,86,52.23,141.51,41.36,20.71
172,toora-khem,4,RU,1604279811,95,52.47,96.11,19.49,1.92
173,princeton,1,US,1604279812,88,25.54,-80.41,80.01,4.7
174,zalantun,100,CN,1604279812,79,48.0,122.72,23.27,21.43
175,idah,87,NG,1604279813,85,7.11,6.73,75.18,1.41
176,rafraf,20,TN,1604279813,87,37.19,10.18,59.0,2.24
177,rawah,84,IQ,1604279814,24,34.48,41.91,68.92,10.33
178,olafsvik,92,IS,1604279814,87,64.89,-23.71,35.31,12.44
179,salekhard,83,RU,1604279777,95,66.53,66.6,25.23,11.81
180,eucaliptus,82,BO,1604279815,62,-17.58,-67.52,51.19,13.53
181,basoko,100,CD,1604279710,94,1.24,23.62,71.04,2.53
182,necochea,26,AR,1604279816,63,-38.55,-58.74,57.99,8.99
183,mount gambier,100,GB,1604279816,96,53.66,-1.85,61.0,10.0
184,ulaanbaatar,0,MN,1604279605,84,47.91,106.88,-0.4,2.24
185,svetlaya,22,RU,1604279817,62,46.54,138.33,46.74,5.79
186,puerto carreno,0,ES,1604279769,93,36.59,-6.23,57.2,2.24
187,leningradskiy,85,RU,1604279609,83,69.38,178.42,16.74,4.52
188,santa ines,100,PH,1604279817,71,17.49,120.43,84.52,3.02
189,heihe,75,CN,1604279817,85,50.24,127.49,19.4,11.18
190,emerald,0,AU,1604279818,23,-23.53,148.17,90.0,14.99
191,ribeira grande,75,ES,1604279818,93,42.75,-8.44,66.0,13.87
192,ust-omchug,100,RU,1604279819,95,61.15,149.63,24.87,4.21
193,belyy yar,100,RU,1604279819,89,55.84,32.94,39.45,6.31
194,severo-kurilsk,24,RU,1604279819,72,50.68,156.12,43.99,8.61
195,niono,18,ML,1604279820,17,14.25,-5.99,79.16,5.95
196,stornoway,39,GB,1604279820,93,58.21,-6.39,46.99,19.46
197,norman wells,1,US,1604279613,40,35.22,-97.44,53.6,4.7
198,teya,100,RU,1604279821,91,60.38,92.63,33.8,12.84
199,sitka,90,US,1604279821,87,57.05,-135.33,48.2,24.16
200,aldan,100,RU,1604279821,91,58.6,125.39,-8.81,1.59
201,karwar,0,IN,1604279822,79,14.8,74.13,75.63,4.14
202,ambilobe,90,MG,1604279822,67,-13.2,49.05,72.19,6.62
203,baykit,100,RU,1604279822,95,61.67,96.37,23.92,5.21
204,makakilo city,1,US,1604279822,62,21.35,-158.09,84.2,10.29
205,lasa,75,IT,1604279823,81,46.62,10.7,48.2,4.7
206,bengkulu,99,ID,1604279632,83,-3.8,102.27,78.91,3.13
207,yuanping,0,CN,1604279823,54,38.72,112.76,41.79,7.31
208,ulladulla,75,AU,1604279824,82,-35.35,150.47,66.0,6.93
209,frankenberg,75,DE,1604279824,93,51.07,8.8,59.0,12.75
210,asau,7,RO,1604279824,87,46.43,26.4,39.0,5.7
211,ourossogui,0,SN,1604279825,53,15.61,-13.32,77.0,2.24
212,ploemeur,90,FR,1604279825,100,47.73,-3.43,60.8,23.04
213,dali,100,CN,1604279825,88,25.7,100.18,59.79,3.24
214,itacoatiara,56,BR,1604279665,71,-3.14,-58.44,82.0,5.1
215,fairbanks,20,US,1604279790,77,64.84,-147.72,1.99,1.3
216,iqaluit,90,CA,1604279814,72,63.75,-68.51,15.8,3.04
217,hovd,0,MN,1604279633,89,48.01,91.64,24.53,1.1
218,bathsheba,40,BB,1604279827,78,13.22,-59.52,82.4,23.04
219,rundu,30,NA,1604279827,34,-17.93,19.77,75.06,1.14
220,taraz,25,KZ,1604279827,40,42.9,71.37,33.8,2.24
221,omboue,100,GA,1604279827,92,-1.57,9.26,75.33,3.13
222,camana,98,PE,1604279828,79,-16.62,-72.71,64.54,6.6
223,petropavlovka,0,RU,1604279828,84,50.61,105.32,18.27,1.12
224,mys shmidta,0,RU,1604279828,97,62.06,48.62,27.37,3.98
225,thompson,75,CA,1604279829,100,55.74,-97.86,21.2,3.36
226,vyartsilya,20,RU,1604279829,89,62.18,30.69,37.35,8.66
227,bethel,90,US,1604279529,87,41.37,-73.41,48.2,9.17
228,ruidoso,1,US,1604279829,43,33.33,-105.67,50.0,5.82
229,kununurra,96,AU,1604279830,46,-15.77,128.73,93.2,5.82
230,taltal,12,CL,1604279830,68,-25.4,-70.48,58.86,4.7
231,kijang,75,KR,1604279754,87,35.24,129.21,57.2,4.7
232,dunedin,52,NZ,1604279769,66,-45.87,170.5,55.0,14.0
233,tura,93,IN,1604279579,95,25.52,90.22,70.32,1.66
234,pangnirtung,78,CA,1604279831,84,66.15,-65.71,8.96,4.14
235,mecca,0,SA,1604279541,64,21.43,39.83,74.93,2.15
236,qaqortoq,0,GL,1604279831,68,60.72,-46.03,24.8,3.36
237,kindu,100,CD,1604279832,98,-2.95,25.95,69.64,3.89
238,sakaiminato,75,JP,1604279832,100,35.55,133.23,59.0,6.93
239,kedrovyy,0,RU,1604279665,74,56.17,91.82,37.4,11.18
240,hartford,90,US,1604279814,87,41.77,-72.77,53.6,5.82
241,faya,0,SA,1604279833,28,18.39,42.45,57.2,1.45
242,clyde river,70,US,1604279833,78,41.3,-82.98,33.01,1.01
243,awbari,0,LY,1604279833,57,26.59,12.78,58.96,6.08
244,cavalcante,100,BR,1604279680,88,-13.8,-47.46,69.67,2.24
245,mujiayingzi,0,CN,1604279834,68,42.12,118.78,30.04,18.77
246,hasaki,75,JP,1604279834,88,35.73,140.83,64.4,3.36
247,lata,95,PT,1604279835,93,40.16,-8.33,64.99,1.99
248,honningsvag,100,NO,1604279835,84,70.98,25.97,45.61,30.33
249,anton lizardo,100,PA,1604279835,85,8.4,-80.27,79.0,10.71
250,port lincoln,98,CD,1604279835,63,-7.03,29.76,73.76,1.41
251,siniscola,0,IT,1604279836,93,40.57,9.69,57.2,2.24
252,half moon bay,6,LR,1604279836,91,6.38,-10.7,76.95,5.06
253,tateyama,75,JP,1604279837,100,34.98,139.87,68.0,3.36
254,souillac,20,MU,1604279837,100,-20.52,57.52,64.4,4.7
255,sant feliu de guixols,29,RO,1604279837,85,47.45,24.9,35.2,1.83
256,komatipoort,90,ZA,1604279837,93,-25.43,31.95,66.0,1.88
257,tazovskiy,100,RU,1604279778,97,67.47,78.7,20.73,14.52
258,fukue,75,JP,1604279838,88,32.69,128.84,62.6,12.75
259,aberdeen,0,GB,1604279562,70,57.14,-2.1,48.99,16.11
260,urucara,96,BR,1604279838,59,-2.54,-57.76,84.11,2.66
261,selenginsk,0,RU,1604279838,92,52.01,106.86,5.0,3.31
262,san cristobal,0,ML,1604279839,17,13.3,-4.9,79.3,7.67
263,saldanha,0,ZA,1604279839,63,-33.01,17.94,64.4,3.36
264,kizlyar,77,RU,1604279840,89,43.85,46.72,52.03,5.12
265,springfield,1,US,1604279840,41,37.22,-93.3,43.0,5.82
266,okhotsk,100,RU,1604279841,87,59.38,143.3,21.38,18.52
267,sangar,100,RU,1604279841,90,63.92,127.47,-6.86,5.7
268,gamboula,100,CF,1604279842,95,4.12,15.14,67.28,0.81
269,bella vista,90,IT,1604279842,87,40.76,15.54,59.0,14.99
270,takoradi,60,GH,1604279842,89,4.88,-1.76,77.88,6.55
271,fort frances,100,NL,1604279843,92,52.65,6.39,63.0,5.01
272,prince george,1,CA,1604279843,67,52.97,-108.38,46.4,6.93
273,arlit,0,NE,1604279843,27,18.74,7.39,71.17,5.21
274,portland,0,US,1604279575,45,45.52,-122.68,62.01,3.0
275,filingue,0,NE,1604279844,17,14.35,3.32,80.28,10.0
276,agadir,0,MA,1604279844,67,30.42,-9.6,59.0,8.05
277,montargis,94,FR,1604279844,94,47.83,2.75,64.0,1.99
278,aklavik,98,CA,1604279686,85,68.22,-135.01,10.4,3.36
279,codrington,10,AU,1604279630,66,-38.27,141.97,72.19,8.48
280,fortuna,1,US,1604279579,87,40.6,-124.16,57.99,8.05
281,grand-lahou,2,CI,1604279845,90,5.14,-5.02,77.49,6.46
282,ondjiva,79,AO,1604279845,35,-17.07,15.73,80.24,3.27
283,falkenberg,100,SE,1604279846,93,56.91,12.49,55.4,18.34
284,okrika,100,NG,1604279846,90,4.74,7.08,76.64,4.85
285,karratha,55,AU,1604279708,53,-20.74,116.85,77.83,11.92
286,pyapon,53,MM,1604279846,85,16.28,95.68,78.93,2.57
287,padang,99,ID,1604279847,68,-0.95,100.35,81.37,1.83
288,gornopravdinsk,38,RU,1604279847,98,60.05,69.9,25.36,5.48
289,ola,100,RU,1604279659,92,59.58,151.28,31.35,8.63
290,vila,98,PT,1604279848,95,42.03,-8.16,60.01,11.01
291,pisco,90,PE,1604279848,77,-13.7,-76.22,66.2,11.41
292,eureka,1,US,1604279651,71,40.8,-124.16,57.2,4.7
293,falmouth,100,GB,1604279849,100,50.15,-5.07,60.8,34.45
294,wuxue,79,CN,1604279849,79,29.85,115.55,60.42,4.41
295,sergeyevka,78,KZ,1604279849,96,53.88,67.42,31.35,4.72
296,peachland,1,CA,1604279706,75,49.77,-119.74,43.0,3.36
297,desbiens,75,CA,1604279624,93,48.42,-71.95,37.4,9.17
298,nome,1,US,1604279850,73,64.5,-165.41,26.01,4.38
299,constitucion,30,CL,1604279851,89,-35.33,-72.42,51.98,6.51
300,ilulissat,100,GL,1604279851,67,69.22,-51.1,19.4,6.93
301,shimoda,75,JP,1604279851,82,34.67,138.95,68.0,17.22
302,chik,0,RU,1604279851,90,54.99,82.43,35.6,8.95
303,luba,90,GQ,1604279851,100,3.46,8.55,75.2,12.75
304,paamiut,71,GL,1604279852,94,61.99,-49.67,25.48,5.77
305,yar-sale,73,RU,1604279852,97,66.83,70.83,25.56,16.42
306,canala,75,NC,1604279852,45,-21.53,165.95,87.8,5.82
307,russellville,1,US,1604279852,57,35.28,-93.13,48.2,3.36
308,kieta,0,PG,1604279853,58,-6.22,155.63,86.92,3.94
309,geraldton,40,AU,1604279853,77,-28.77,114.6,64.4,14.99
310,assiniboia,0,CA,1604279853,56,49.63,-105.98,41.0,11.41
311,kloulklubed,75,PW,1604279853,83,7.04,134.26,84.2,6.93
312,hare bay,6,US,1604279854,50,30.67,-97.27,61.0,3.0
313,vila velha,98,PT,1604279854,95,42.03,-8.16,60.01,10.0
314,jiaozuo,0,CN,1604279854,30,35.24,113.23,61.25,4.97
315,yantai,7,CN,1604279855,39,37.53,121.4,55.81,5.12
316,port hueneme,98,CD,1604279804,63,-7.03,29.76,73.76,1.41
317,flinders,90,AU,1604279855,67,-34.58,150.86,70.0,4.0
318,oksfjord,75,NO,1604279855,81,70.24,22.35,42.8,39.15
319,tabou,5,CI,1604279856,90,4.42,-7.35,77.25,6.15
320,maridi,100,SS,1604279856,93,4.92,29.47,68.58,2.42
321,orlik,3,RU,1604279856,85,52.52,99.83,10.11,3.0
322,fraserburgh,55,GB,1604279856,67,57.69,-2.02,48.99,23.0
323,sioux lookout,1,US,1604279857,64,42.73,-96.23,36.0,3.94
324,marawi,97,PH,1604279857,71,8.0,124.29,84.99,4.0
325,petropavl,0,KZ,1604279857,98,54.88,69.16,29.19,6.71
326,dolores,0,AR,1604279857,59,-36.31,-57.68,52.88,5.53
327,clearwater,6,US,1604279702,83,27.97,-82.8,77.0,3.36
328,sao jose da coroa grande,0,IN,1604279858,55,20.51,76.21,66.42,4.14
329,epinal,90,FR,1604279858,82,48.18,6.45,62.6,12.75
330,vao,100,NC,1604279859,83,-22.67,167.48,74.55,17.25
331,iskateley,99,RU,1604279859,98,67.68,53.15,32.23,10.07
332,xichang,100,CN,1604279859,66,27.9,102.26,50.34,5.21
333,jinchang,0,CN,1604279860,57,38.5,102.17,40.87,1.01
334,boende,100,CD,1604279861,98,-0.22,20.87,70.48,2.19
335,natal,40,BR,1604279778,83,-5.79,-35.21,80.6,8.05
336,tahlequah,1,US,1604279861,65,35.92,-94.97,45.0,3.36
337,alyangula,70,AU,1604279862,33,-13.85,136.42,91.4,5.82
338,akdepe,0,TM,1604279862,48,42.06,59.38,39.2,9.17
339,sayyan,0,YE,1604279862,47,15.17,44.32,46.24,5.53
340,lazaro cardenas,100,DO,1604279862,83,19.46,-71.33,77.0,3.0
341,pedernales,100,DO,1604279862,63,18.04,-71.74,80.49,6.87
342,hami,0,CN,1604279863,59,42.8,93.45,39.79,7.07
343,lebu,55,CL,1604279630,96,-37.62,-73.65,52.48,8.1
344,kiama,77,AU,1604279863,67,-34.68,150.87,70.0,4.0
345,roma,90,US,1604279778,75,43.21,-75.46,41.0,17.22
346,novo aripuana,40,CU,1604279864,100,22.78,-82.23,78.8,8.05
347,nova venecia,11,BR,1604279864,62,-5.53,-46.7,78.66,3.15
348,edd,0,ER,1604279864,44,13.93,41.69,82.27,15.73
349,luanda,75,AO,1604279864,88,-8.84,13.23,77.0,3.36
350,buenos aires,40,US,1604279865,47,33.3,-101.49,57.99,8.05
351,itagi,81,BR,1604279865,93,-14.16,-40.01,71.19,3.18
352,iquique,75,CL,1604279759,77,-20.22,-70.14,62.6,10.29
353,tlahuelilpan,20,MX,1604279865,75,20.13,-99.23,53.4,8.63
354,kayes,0,ML,1604279866,78,14.0,-11.0,73.4,1.88
355,salalah,0,OM,1604279589,43,17.02,54.09,73.4,3.36
356,beloha,0,MG,1604279866,80,-25.17,45.05,66.61,16.13
357,korla,0,CN,1604279866,56,41.76,86.15,37.0,7.0
358,maxixe,100,MZ,1604279867,77,-23.86,35.35,70.25,6.55
359,guaraniacu,0,BR,1604279867,75,-25.1,-52.88,57.47,3.06
360,bubaque,0,GW,1604279580,77,11.28,-15.83,83.25,15.64
361,sorong,100,ID,1604279867,77,-0.88,131.25,83.07,6.64
362,manzanillo,100,CU,1604279868,83,20.34,-77.12,77.86,11.48
363,pimentel,0,PE,1604279776,77,-6.84,-79.93,62.6,17.22
364,sao felix do xingu,0,IN,1604279868,55,20.51,76.21,66.42,4.14
365,san jeronimo,0,ML,1604279702,17,13.3,-4.9,79.3,7.67
366,wajir,100,KE,1604279869,76,1.75,40.06,76.66,13.2
367,praya,20,CV,1604279869,83,14.92,-23.51,77.0,6.93
368,marsh harbour,100,GB,1604279869,96,53.65,-1.81,61.0,10.0
369,cap-aux-meules,100,CA,1604279870,87,47.38,-61.86,48.2,19.46
370,dalbandin,0,PK,1604279870,36,28.89,64.41,46.85,4.76
371,brae,100,GB,1604279870,81,60.4,-1.35,50.0,35.57
372,agadez,16,NE,1604279870,34,19.75,10.25,64.33,10.96
373,silifke,58,TR,1604279871,56,36.38,33.93,63.88,9.24
374,payo,98,ID,1604279871,80,-3.75,103.64,77.4,0.92
375,sabang,100,ID,1604279871,78,5.89,95.32,81.82,11.32
376,kozyatyn,100,UA,1604279871,89,49.71,28.83,42.84,11.23
377,jalingo,81,NG,1604279871,41,8.88,11.37,76.48,2.71
378,chimbote,100,PE,1604279872,88,-9.09,-78.58,60.46,6.2
379,strezhevoy,90,RU,1604279872,97,60.73,77.59,32.0,8.95
380,longyearbyen,0,SJ,1604279872,69,78.22,15.64,35.6,33.33
381,qasigiannguit,100,GL,1604279873,67,68.82,-51.19,19.4,6.93
382,solwezi,0,ZM,1604279873,64,-12.17,26.39,61.39,4.18
383,hualmay,55,PE,1604279873,86,-11.1,-77.61,61.18,7.99
384,moindou,75,NC,1604279873,45,-21.69,165.68,87.8,5.82
385,mitsamiouli,100,KM,1604279601,76,-11.38,43.28,76.68,9.28
386,gemunden,100,DE,1604279874,89,50.05,9.7,59.0,7.23
387,madawaska,100,US,1604279874,87,47.36,-68.33,46.4,5.82
388,husavik,0,IS,1604279598,51,66.04,-17.34,39.2,5.82
389,rosetown,13,CA,1604279874,45,51.55,-108.0,44.6,6.93
390,oussouye,0,SN,1604279875,88,12.48,-16.55,82.4,4.7
391,avera,1,US,1604279875,93,33.19,-82.53,59.0,6.93
392,ahuimanu,20,US,1604279676,65,21.44,-157.84,84.2,8.05
393,bad sachsa,100,DE,1604279875,47,47.63,9.83,55.99,5.61
394,pemba,79,MZ,1604279876,70,-12.97,40.52,76.23,1.19
395,esperance,99,AU,1604279876,88,-33.87,121.9,69.8,11.41
396,somerset,90,US,1604279876,61,40.57,-74.55,48.99,9.17
397,maputo,40,MZ,1604279876,94,-25.97,32.59,68.0,5.82
398,ruteng,76,ID,1604279877,72,-8.61,120.47,74.34,1.66
399,kizner,0,RU,1604279877,96,56.27,51.51,28.8,3.53
400,isetskoye,0,RU,1604279877,98,56.49,65.32,26.83,5.19
401,sivaki,100,RU,1604279877,96,52.63,126.75,16.16,14.76
402,acapulco,87,MX,1604279878,77,16.86,-99.89,81.07,6.67
403,caiaponia,97,BR,1604279878,68,-16.96,-51.81,70.12,6.51
404,sidi qasim,79,CF,1604279879,91,5.08,19.88,70.54,1.7
405,lavrentiya,4,RU,1604279879,87,65.58,-171.0,22.93,5.48
406,nuuk,16,GL,1604279756,92,64.18,-51.72,23.0,5.82
407,yulara,0,AU,1604279879,11,-25.24,130.99,89.6,14.99
408,rafsanjan,0,IR,1604279879,42,30.41,55.99,51.39,2.3
409,bahia blanca,100,BR,1604279880,88,-12.0,-42.0,67.75,1.34
410,verkhoyansk,94,RU,1604279880,87,67.54,133.38,-12.84,2.93
411,berdigestyakh,65,RU,1604279880,91,62.1,126.7,-2.45,3.18
412,okha,100,RU,1604279880,97,53.57,142.95,42.69,15.7
413,skibbereen,75,IE,1604279881,93,51.55,-9.27,46.4,17.22
414,tiarei,40,PF,1604279881,69,-17.53,-149.33,82.4,11.41
415,tilichiki,95,RU,1604279881,93,60.47,166.1,29.08,3.87
416,berbera,0,SO,1604279881,65,10.44,45.01,78.24,5.59
417,mana,100,GF,1604279882,79,5.66,-53.78,81.18,10.27
418,tigil,27,RU,1604279882,71,57.8,158.67,39.02,10.04
419,januaria,100,BR,1604279882,90,-15.48,-44.37,72.01,2.89
420,monrovia,8,LR,1604279882,87,6.3,-10.8,78.51,6.91
421,sao filipe,0,IN,1604279858,55,20.51,76.21,66.42,4.14
422,sao geraldo do araguaia,0,IN,1604279858,55,20.51,76.21,66.42,4.14
423,rio grande,0,GR,1604279883,93,38.3,21.78,51.8,2.46
424,darnah,78,LY,1604279884,63,32.77,22.64,69.55,13.24
425,nhulunbuy,0,AU,1604279884,46,-12.23,136.77,91.4,11.41
426,nabire,100,ID,1604279884,81,-3.37,135.48,83.07,2.01
427,serenje,0,ZM,1604279884,86,-13.23,30.24,59.97,5.46
428,poum,0,NC,1604279885,75,-20.23,164.02,78.98,12.37
429,isangel,75,VU,1604279885,70,-19.55,169.27,84.2,9.17
430,paris,90,FR,1604279811,82,48.85,2.35,64.99,16.11
431,urumqi,0,CN,1604279886,59,43.8,87.6,35.6,4.47
432,chemal,0,RU,1604279886,88,51.41,86.0,28.78,4.94
433,tekeli,0,KZ,1604279886,55,44.83,78.82,39.06,6.2
434,palmer,90,US,1604279886,100,42.16,-72.33,50.0,4.21
435,naze,75,JP,1604279887,78,28.37,129.48,77.0,4.7
436,moroni,100,KM,1604279887,72,-11.7,43.26,75.07,2.19
437,paredon,99,MX,1604279887,66,16.03,-93.87,80.78,17.69
438,najran,0,SA,1604279887,33,17.49,44.13,59.0,0.78
439,shache,21,CN,1604279888,89,38.42,77.24,32.41,2.84
440,dongdu,0,CN,1604279888,44,35.85,117.7,55.8,4.52
441,seoul,1,KR,1604279835,71,37.57,126.98,51.8,4.83
442,port pirie,98,CD,1604279888,63,-7.03,29.76,73.76,1.41
443,prainha,52,BR,1604279889,47,-1.8,-53.48,84.97,3.87
444,pozo colorado,70,CU,1604279889,88,22.45,-80.18,78.8,6.93
445,owando,100,CG,1604279889,99,-0.48,15.9,70.81,2.75
446,labuhan,100,ID,1604279890,76,-6.88,112.21,81.66,6.38
447,morro da fumaca,99,EC,1604279890,89,-2.63,-80.33,70.61,14.41
448,seminole,90,US,1604279610,94,28.71,-81.21,75.0,5.82
449,cumberland,1,US,1604279705,87,35.05,-78.87,57.2,9.17
450,dubinino,99,RU,1604279890,90,55.62,89.09,33.94,6.2
451,srednekolymsk,99,RU,1604279891,91,67.45,153.68,-2.47,7.25
452,lockhart,90,US,1604279891,94,28.62,-81.44,75.2,11.41
453,hirara,75,JP,1604279891,69,24.8,125.28,78.8,8.05
454,havelock,40,US,1604279670,82,34.88,-76.9,62.6,11.41
455,rocha,0,UY,1604279892,87,-34.48,-54.33,49.26,1.9
456,namatanai,54,PG,1604279892,70,-3.67,152.43,85.17,2.71
457,college,20,US,1604279892,77,64.86,-147.8,1.99,1.23
458,bosaso,0,SO,1604279893,75,11.28,49.18,75.63,2.19
459,adre,100,TD,1604279893,28,13.47,22.2,78.1,16.58
460,huicheng,0,CN,1604279893,73,23.04,116.29,71.6,2.24
461,oranjestad,20,AW,1604279665,88,12.52,-70.03,78.8,4.7
462,shu,100,KZ,1604279893,78,43.6,73.76,44.01,1.99
463,madimba,75,TZ,1604279894,94,-10.4,40.33,71.6,4.27
464,poya,98,NC,1604279894,58,-21.35,165.15,82.54,4.63
465,skelleftea,100,SE,1604279894,93,64.75,20.95,46.0,19.46
466,djenne,52,ML,1604279894,16,13.91,-4.55,80.56,7.72
467,raudeberg,100,NO,1604279774,87,61.99,5.14,46.99,24.85
468,yumen,0,CN,1604279895,77,40.28,97.2,33.71,2.01
469,morehead,1,US,1604279895,31,37.27,-87.18,46.4,10.29
470,rawson,100,AR,1604279644,26,-43.3,-65.1,75.16,25.59
471,joura,0,IN,1604279895,27,26.34,77.81,63.39,5.84
472,yashan,73,CN,1604279896,77,22.2,109.94,75.67,7.34
473,listvyanka,0,RU,1604279896,84,51.85,104.87,6.8,6.71
474,port macquarie,98,CD,1604279835,63,-7.03,29.76,73.76,1.41
475,ostrovnoy,100,RU,1604279896,92,68.05,39.51,38.8,23.15
476,sao joao da barra,0,IN,1604279858,55,20.51,76.21,66.42,4.14
477,ossora,100,RU,1604279897,86,59.24,163.07,34.93,3.2
478,almeria,20,ES,1604279897,76,37.17,-2.33,59.0,2.24
479,ornskoldsvik,100,SE,1604279897,100,63.29,18.72,46.4,20.8
480,adrar,100,MR,1604279676,18,20.5,-10.07,77.97,9.66
481,pyu,1,MM,1604279898,91,18.48,96.43,76.39,1.95
482,sydney,75,AU,1604279701,64,-33.87,151.21,69.01,16.11
483,nakamura,100,JP,1604279898,90,32.98,132.93,65.07,5.08
484,usinsk,100,RU,1604279898,97,65.99,57.53,26.37,12.3
485,egvekinot,93,RU,1604279899,88,66.32,-179.17,12.33,1.66
486,kamenka,68,RU,1604279899,77,51.32,42.77,41.02,9.33
487,shingu,75,JP,1604279899,64,33.73,135.98,71.6,10.29
488,kungurtug,52,RU,1604279900,86,50.6,97.52,19.78,1.36
489,sur,0,OM,1604279900,30,22.57,59.53,69.85,2.73
490,sinnamary,83,GF,1604279900,81,5.38,-52.95,80.89,9.82
491,morondava,0,MG,1604279900,80,-20.28,44.28,75.45,2.93
492,inhambane,100,MZ,1604279901,75,-23.86,35.38,71.02,7.45
493,sadovoye,100,RU,1604279901,46,47.78,44.51,51.13,7.05
494,riverton,1,US,1604279901,50,40.52,-111.94,55.0,3.36
495,asilah,0,MA,1604279901,68,35.47,-6.03,64.4,8.05
496,payson,1,US,1604279819,37,40.04,-111.73,55.99,4.7
497,pavlogradka,100,RU,1604279902,83,54.2,73.56,35.76,10.2
498,alta floresta,75,NO,1604279902,81,69.97,23.27,42.8,39.15
499,reinosa,100,ES,1604279902,93,43.0,-4.14,59.0,10.83
500,san jose,0,ML,1604279903,17,13.3,-4.9,79.3,7.67
501,tucuman,0,AR,1604279903,29,-26.82,-65.22,77.0,8.05
502,charters towers,90,US,1604279903,47,38.57,-83.43,37.99,8.05
503,ponta delgada,98,PT,1604279903,80,38.73,-28.27,59.61,15.28
504,balaipungut,100,ID,1604279904,78,1.05,101.28,79.65,2.86
505,port hawkesbury,98,CD,1604279888,63,-7.03,29.76,73.76,1.41
506,savonlinna,90,FI,1604279904,85,61.87,28.88,35.6,12.75
507,saint-augustin,100,CA,1604279904,88,51.23,-58.65,37.22,19.8
508,panacan,40,PH,1604279905,83,9.25,118.41,82.4,4.7
509,deputatskiy,34,RU,1604279905,88,69.3,139.9,-15.0,6.04
510,kuusamo,90,FI,1604279905,93,65.97,29.18,37.4,12.75
511,kawalu,82,ID,1604279905,80,-7.38,108.21,77.41,3.94
512,klaksvik,3,FO,1604279905,93,62.23,-6.59,44.6,8.05
513,waddan,8,LY,1604279906,86,29.16,16.14,58.01,2.37
514,ahipara,100,NZ,1604279906,67,-35.17,173.17,71.35,7.96
515,saint-pierre,90,RE,1604279906,56,-21.34,55.48,69.8,5.82
516,buchanan,59,LR,1604279906,89,5.88,-10.05,77.58,5.66
517,chernyshevskiy,100,RU,1604279907,92,63.01,112.47,4.73,9.82
518,narsaq,0,GL,1604279907,68,60.92,-46.05,24.8,3.36
519,chippewa falls,90,US,1604279907,68,46.3,-84.48,30.2,28.86
520,cozumel,40,MX,1604279908,88,20.51,-86.95,79.0,17.22
521,thano bula khan,0,IN,1604279908,87,30.24,78.21,57.2,3.36
522,huilong,100,CN,1604279908,82,31.81,121.66,66.99,9.08
523,kenai,1,US,1604279908,35,60.55,-151.26,24.8,25.28
524,guane,62,CU,1604279909,90,22.2,-84.09,76.57,8.9
525,busembatia,71,UG,1604279909,83,0.77,33.61,65.21,4.45
526,ilsede,100,DE,1604279909,77,52.27,10.2,62.6,9.17
527,swindon,90,GB,1604279909,93,51.56,-1.78,60.8,25.28
528,hutchinson,1,US,1604279909,55,38.06,-97.93,45.0,6.98
529,nove mesto pod smrkem,99,IT,1604279910,88,45.72,11.68,52.0,1.1
530,sedalia,1,US,1604279910,35,38.7,-93.23,43.0,3.36
531,saint-georges,75,GD,1604279688,88,12.06,-61.75,78.8,14.99
532,whitehorse,90,CA,1604279910,71,60.72,-135.05,5.0,12.75
533,vila franca do campo,98,PT,1604279854,95,42.03,-8.16,60.01,10.0
534,kirakira,98,SB,1604279911,84,-10.45,161.92,80.98,12.12
535,grootfontein,50,NA,1604279911,38,-19.57,18.12,75.04,10.8
536,mbandaka,100,CD,1604279911,96,0.05,18.26,70.63,3.74
537,batagay-alyta,9,RU,1604279911,84,67.8,130.41,-9.44,1.97
538,mackay,5,AU,1604279855,66,-21.15,149.2,87.01,12.75
539,gorlitz,100,DE,1604279912,96,51.16,14.99,54.0,4.0
540,dongsheng,0,CN,1604279912,72,39.82,109.98,31.28,3.91
541,ambulu,53,ID,1604279912,73,-8.35,113.61,82.38,2.59
542,muros,99,ES,1604279913,92,42.78,-9.06,66.0,13.0
543,marquette,1,US,1604279913,69,46.53,-87.63,27.0,9.6
544,las tunas,99,PL,1604279709,3,49.74,19.43,45.0,11.99
545,calama,0,CL,1604279647,22,-22.47,-68.93,59.0,17.22
546,hokitika,100,NZ,1604279914,76,-42.72,170.97,57.69,5.21
547,sterling,40,US,1604279731,40,39.01,-77.43,53.6,14.99
548,melilla,0,ES,1604279665,87,35.29,-2.94,59.0,4.7
549,batsfjord,100,NO,1604279914,85,70.63,29.72,43.0,28.5
550,monywa,98,MM,1604279915,89,22.12,95.13,76.71,4.14
551,buluang,100,PH,1604279915,81,13.31,123.34,81.82,5.55
552,agropoli,100,IT,1604279915,80,40.35,15.0,59.0,1.99
553,tonantins,0,BR,1604279916,96,-2.87,-67.8,73.58,2.06
554,atyrau,0,KZ,1604279916,37,47.12,51.88,50.0,8.95
555,dera gopipur,0,ET,1604279916,74,8.33,39.32,57.0,7.25
556,bagdarin,0,RU,1604279916,79,54.43,113.6,7.83,4.68
557,port shepstone,98,CD,1604279804,63,-7.03,29.76,73.76,1.41
